{
  "graph_analyses": {
    "amazon0302": {
      "num_nodes": 30232,
      "num_edges": 99997,
      "avg_degree": 6.615308282614448,
      "density": 0.00010941266055728305,
      "largest_cc_percentage": 100.0,
      "largest_cc_size": 30232,
      "top_nodes_by_degree": [
        [
          481,
          114
        ],
        [
          1241,
          106
        ],
        [
          99,
          98
        ],
        [
          18,
          92
        ],
        [
          1964,
          90
        ]
      ]
    },
    "amazon0312": {
      "num_nodes": 28648,
      "num_edges": 99997,
      "avg_degree": 6.9810807037140465,
      "density": 0.00012184662798397819,
      "largest_cc_percentage": 100.0,
      "largest_cc_size": 28648,
      "top_nodes_by_degree": [
        [
          32,
          105
        ],
        [
          66,
          81
        ],
        [
          8,
          75
        ],
        [
          2717,
          64
        ],
        [
          161,
          61
        ]
      ]
    },
    "amazon0505": {
      "num_nodes": 22045,
      "num_edges": 99997,
      "avg_degree": 9.072079836697664,
      "density": 0.00020577208847526908,
      "largest_cc_percentage": 100.0,
      "largest_cc_size": 22045,
      "top_nodes_by_degree": [
        [
          104,
          203
        ],
        [
          37,
          190
        ],
        [
          79,
          154
        ],
        [
          44,
          152
        ],
        [
          89,
          143
        ]
      ]
    },
    "amazon0601": {
      "num_nodes": 26520,
      "num_edges": 99997,
      "avg_degree": 7.541251885369532,
      "density": 0.00014218582686695449,
      "largest_cc_percentage": 100.0,
      "largest_cc_size": 26520,
      "top_nodes_by_degree": [
        [
          36,
          139
        ],
        [
          5,
          134
        ],
        [
          89,
          121
        ],
        [
          41,
          115
        ],
        [
          44,
          103
        ]
      ]
    }
  },
  "community_analyses": {
    "amazon0302": {
      "algorithm": "louvain",
      "num_communities": 5,
      "community_sizes": [
        6,
        6,
        6,
        6,
        5
      ],
      "top_communities": [
        [
          0,
          [
            1158,
            696,
            342,
            479,
            481,
            885
          ]
        ],
        [
          4,
          [
            13,
            21,
            23,
            28,
            164,
            77
          ]
        ],
        [
          3,
          [
            18,
            32,
            33,
            34,
            35,
            36
          ]
        ]
      ]
    },
    "amazon0312": {
      "algorithm": "louvain",
      "num_communities": 3,
      "community_sizes": [
        9,
        8,
        6
      ],
      "top_communities": [
        [
          0,
          [
            938,
            48,
            203,
            480,
            98,
            99,
            100,
            481,
            636
          ]
        ],
        [
          2,
          [
            402,
            532,
            661,
            280,
            32,
            954,
            335,
            97
          ]
        ],
        [
          1,
          [
            139,
            140,
            161,
            224,
            225,
            371
          ]
        ]
      ]
    },
    "amazon0505": {
      "algorithm": "louvain",
      "num_communities": 4,
      "community_sizes": [
        17,
        11,
        9,
        9
      ],
      "top_communities": [
        [
          1,
          [
            155,
            156,
            157,
            158,
            159,
            161,
            39,
            51,
            53,
            88,
            89,
            90,
            91,
            92,
            93,
            218,
            120
          ]
        ],
        [
          2,
          [
            5,
            664,
            44,
            45,
            94,
            219,
            229,
            109,
            622,
            1007,
            626
          ]
        ],
        [
          0,
          [
            1171,
            35,
            37,
            38,
            1194,
            1208,
            73,
            99,
            232
          ]
        ]
      ]
    },
    "amazon0601": {
      "algorithm": "louvain",
      "num_communities": 4,
      "community_sizes": [
        17,
        12,
        8,
        6
      ],
      "top_communities": [
        [
          3,
          [
            5,
            44,
            172,
            173,
            174,
            175,
            176,
            50,
            49,
            55,
            13790,
            105,
            106,
            107,
            108,
            109,
            235
          ]
        ],
        [
          1,
          [
            5421,
            155,
            2838,
            36,
            1704,
            5419,
            5420,
            2490,
            89,
            90,
            227,
            1528
          ]
        ],
        [
          2,
          [
            1046,
            1047,
            1048,
            1049,
            1050,
            51,
            2143,
            1526
          ]
        ]
      ]
    }
  }
}